YEAR_ID,MONTH_ID,monthly_revenue,monthly_orders,active_customers,average_order_value
2003,1,129753.60,5,5,25950.72
2003,2,140836.19,3,3,46945.40
2003,3,174504.90,6,6,29084.15
2003,4,201609.55,7,7,28801.36
2003,5,192673.11,6,6,32112.19
2003,6,168082.56,6,5,28013.76
2003,7,187731.88,6,6,31288.65
2003,8,197809.30,5,5,39561.86
2003,9,263973.36,8,8,32996.67
2003,10,568290.97,17,16,33428.88
2003,11,1029837.66,28,27,36779.92
2003,12,261876.46,7,6,37410.92
2004,1,316577.42,8,8,39572.18
2004,2,311419.53,10,9,31141.95
2004,3,205733.73,7,7,29390.53
2004,4,206148.12,10,10,20614.81
2004,5,273438.39,8,8,34179.80
2004,6,286674.22,10,10,28667.42
2004,7,327144.09,10,10,32714.41
2004,8,461501.27,12,12,38458.44
2004,9,320750.91,12,12,26729.24
2004,10,552924.25,13,13,42532.63
2004,11,1089048.01,33,30,33001.45
2004,12,372802.66,11,9,33891.15
2005,1,339543.42,12,11,28295.29
2005,2,358186.18,12,7,29848.85
2005,3,374262.76,12,10,31188.56
2005,4,261633.29,9,8,29070.37
2005,5,457861.06,14,12,32704.36
