CUSTOMER_NAME,COUNTRY,customer_revenue,total_orders,average_order_value
"Euro Shopping Channel",Spain,912294.11,26,35088.24
"Mini Gifts Distributors Ltd.",USA,654858.06,17,38521.06
"Australian Collectors, Co.",Australia,200995.41,5,40199.08
"Muscle Machine Inc",USA,197736.94,4,49434.24
"La Rochelle Gifts",France,180124.90,4,45031.23
"Dragon Souveniers, Ltd.",Singapore,172989.68,5,34597.94
"Land of Toys Inc.",USA,164069.44,4,41017.36
"The Sharp Gifts Warehouse",USA,160010.27,4,40002.57
"AV Stores, Co.",UK,157807.81,3,52602.60
"Anna's Decorations, Ltd",Australia,153996.13,4,38499.03
