CUSTOMER_NAME,recency,frequency,monetary_value,r_score,f_score,m_score
"Boards & Toys Co.",112,2,9129.35,4,2,1
"Atelier graphique",187,3,24179.96,3,3,1
"Auto-Moto Classics Inc.",179,3,26479.26,3,3,1
"Microscale Inc.",209,2,33144.93,2,1,1
"Royale Belge",141,4,33440.10,4,5,1
"Bavarian Collectables Imports, Co.",258,1,34993.92,1,1,1
"Double Decker Gift Stores, Ltd",495,2,36019.04,1,1,1
"Cambridge Collectables Co.",388,2,36163.62,1,1,1
"West Coast Collectables Co.",488,2,46084.64,1,1,1
"Men 'R' US Retailers, Ltd.",508,2,48048.46,1,1,1
"CAF Imports",438,2,49642.05,1,1,1
"Signal Collectibles Ltd.",476,2,50218.51,1,1,1
"Mini Auto Werke",82,3,52263.90,4,4,1
"Iberia Gift Imports, Corp.",237,2,54723.62,2,2,1
"Online Mini Collectables",263,2,57197.96,1,1,1
"Gift Ideas Corp.",178,3,57294.42,3,3,1
"Clover Collections, Co.",257,2,57756.43,2,2,1
"Australian Gift Network, Co",118,3,59469.12,4,4,1
"Australian Collectables, Ltd",22,3,64591.46,5,2,1
"Auto Assoc. & Cie.",232,2,64834.32,2,2,2
"Classic Gift Ideas, Inc",229,2,67506.97,2,2,2
"Osaka Souveniers Co.",413,2,67605.07,1,1,2
"Daedalus Designs Imports",465,2,69052.41,1,1,2
"Alpha Cognac",64,3,70488.44,4,4,2
"Diecast Collectables",400,2,70859.78,1,1,2
"Quebec Home Shopping Network",30,3,74204.79,5,4,2
"Mini Wheels Co.",194,3,74476.18,3,3,2
"Royal Canadian Collectables, Ltd.",284,2,74634.85,1,1,2
"Marseille Mini Autos",145,3,74936.14,3,3,2
"Petit Auto",1,3,74972.52,5,2,2
"Canadian Gift Exchange Network",221,2,75238.92,2,2,2
"Volvo Model Replicas, Co",193,4,75754.88,3,5,2
"Classic Legends Inc.",191,3,77795.20,3,3,2
giftsbymail.co.uk,211,2,78240.84,2,1,2
"Enaco Distributors",188,3,78411.86,3,3,2
"Lyon Souveniers",75,3,78570.34,4,4,2
"Norway Gifts By Mail, Co.",283,2,79224.23,1,1,2
"Super Scale Inc.",392,2,79472.07,1,1,2
"Mini Caravy",47,3,80438.48,5,4,3
"Collectables For Less Inc.",131,3,81577.98,4,3,3
"Signal Gift Stores",183,3,82751.08,3,3,3
Gifts4AllAges.com,25,3,83209.88,5,4,3
"Tekni Collectables Inc.",58,3,83228.19,4,4,3
"Motor Mint Distributors Inc.",195,3,83682.16,3,3,3
"Blauer See Auto, Co.",207,4,85171.59,2,4,3
"Mini Classics",228,2,85555.99,2,2,3
"Collectable Mini Designs Co.",460,2,87489.23,1,1,3
"Vitachrome Inc.",207,3,88041.26,2,2,3
"Stylish Desk Decors, Co.",179,3,88804.50,3,3,3
"Auto Canal Petit",54,3,93170.66,4,4,3
"Cruz & Sons Co.",196,3,94015.73,2,3,3
"Amica Models & Co.",264,2,94117.26,1,1,3
"La Corne D'abondance, Co.",192,3,97203.68,3,3,3
FunGiftIdeas.com,89,3,98923.73,4,4,3
"Toms Spezialitten, Ltd",227,2,100306.58,2,2,3
"Heintze Collectables",221,2,100595.55,2,2,3
"Gift Depot Inc.",26,3,101894.79,5,4,4
"Marta's Replicas Co.",230,2,103080.38,2,2,4
"Oulu Toy Supplies, Inc.",120,3,104370.38,4,3,4
Toys4GrownUps.com,139,3,104561.96,4,3,4
"Mini Creations Ltd.",144,3,108951.13,3,3,4
"Toys of Finland, Co.",111,3,111250.38,4,4,4
"Herkku Gifts",270,3,111640.28,1,2,4
"Suominen Souveniers",145,3,113961.15,3,3,4
"Handji Gifts& Co",38,4,115498.73,5,5,4
"Baane Mini Imports",207,4,116599.19,2,4,4
"Vida Sport, Ltd",274,2,117713.56,1,1,4
"UK Collectables, Ltd.",53,3,118008.27,5,4,4
"Tokyo Collectables, Ltd",39,4,120562.74,5,5,4
"Corrida Auto Replicas, Ltd",211,3,120615.28,2,2,4
"Technics Stores Inc.",146,4,120783.07,3,4,4
"Diecast Classics Inc.",1,4,122138.14,5,5,4
"Online Diecast Creations Co.",208,3,131685.30,2,2,4
"Scandinavian Gift Ideas",89,3,134259.33,4,4,4
"Reims Collectables",62,5,135042.94,4,5,5
"Rovelli Gifts",200,3,137955.72,2,2,5
"L'ordine Souveniers",21,3,142601.33,5,2,5
"Saveley & Henriot, Co.",455,3,142874.25,1,2,5
"Danish Wholesale Imports",46,5,145041.60,5,5,5
"Salzburg Collectables",14,4,149798.63,5,5,5
"Corporate Gift Ideas Co.",97,4,149882.50,4,5,5
"Souveniers And Things Co.",2,4,151570.98,5,5,5
"Anna's Decorations, Ltd",83,4,153996.13,4,5,5
"AV Stores, Co.",195,3,157807.81,3,3,5
"The Sharp Gifts Warehouse",39,4,160010.27,5,5,5
"Land of Toys Inc.",197,4,164069.44,2,4,5
"Dragon Souveniers, Ltd.",90,5,172989.68,4,5,5
"La Rochelle Gifts",0,4,180124.90,5,5,5
"Muscle Machine Inc",181,4,197736.94,3,5,5
"Australian Collectors, Co.",183,5,200995.41,3,5,5
"Mini Gifts Distributors Ltd.",2,17,654858.06,5,5,5
"Euro Shopping Channel",0,26,912294.11,5,5,5
